,epoch,train_loss,train_accuracy,val_loss,val_accuracy,epoch_time_sec
0,1,52.801148653030396,0.10833333333333334,13.309257507324219,0.16201117318435754,40.78539991378784
